"value","year","month","type","date"
0.330380426786346,1991,4,"delinquency_rate","1991-04-01"
0.372334521842108,1991,7,"delinquency_rate","1991-07-01"
0.36514191761251,1991,10,"delinquency_rate","1991-10-01"
-0.772894231897245,1992,1,"delinquency_rate","1992-01-01"
-0.40981828774754,1992,4,"delinquency_rate","1992-04-01"
-0.737856606220011,1992,7,"delinquency_rate","1992-07-01"
-0.502285582082965,1992,10,"delinquency_rate","1992-10-01"
0.0368768934157752,1993,1,"delinquency_rate","1993-01-01"
-0.693677160910543,1993,4,"delinquency_rate","1993-04-01"
-0.490118492131026,1993,7,"delinquency_rate","1993-07-01"
-0.632879803178731,1993,10,"delinquency_rate","1993-10-01"
-0.469305806358306,1994,1,"delinquency_rate","1994-01-01"
-0.823125469313675,1994,4,"delinquency_rate","1994-04-01"
-0.588133647246099,1994,7,"delinquency_rate","1994-07-01"
-0.614737706283761,1994,10,"delinquency_rate","1994-10-01"
0.110663215136101,1995,1,"delinquency_rate","1995-01-01"
0.256125968754848,1995,4,"delinquency_rate","1995-04-01"
0.395456096055912,1995,7,"delinquency_rate","1995-07-01"
0.177989709139767,1995,10,"delinquency_rate","1995-10-01"
0.0368768934157752,1996,1,"delinquency_rate","1996-01-01"
0.520774618353658,1996,4,"delinquency_rate","1996-04-01"
-0.0313220261343752,1996,7,"delinquency_rate","1996-07-01"
0.705569723691272,1996,10,"delinquency_rate","1996-10-01"
-0.227106062053759,1997,1,"delinquency_rate","1997-01-01"
-0.0968412676733547,1997,4,"delinquency_rate","1997-04-01"
-0.0980194164272654,1997,7,"delinquency_rate","1997-07-01"
-0.30565712726935,1997,10,"delinquency_rate","1997-10-01"
-0.0325591989461546,1998,1,"delinquency_rate","1998-01-01"
-0.458198224193227,1998,4,"delinquency_rate","1998-04-01"
-0.25338074976389,1998,7,"delinquency_rate","1998-07-01"
-0.48470359123502,1998,10,"delinquency_rate","1998-10-01"
-0.424785181432346,1999,1,"delinquency_rate","1999-01-01"
-0.519934727695949,1999,4,"delinquency_rate","1999-04-01"
1.86718871720608,1999,7,"delinquency_rate","1999-07-01"
-1.00405227348399,1999,10,"delinquency_rate","1999-10-01"
-0.274009566948474,2000,1,"delinquency_rate","2000-01-01"
0.193109189082859,2000,4,"delinquency_rate","2000-04-01"
0.942202581833043,2000,7,"delinquency_rate","2000-07-01"
1.02958030223207,2000,10,"delinquency_rate","2000-10-01"
0.774073784836911,2001,1,"delinquency_rate","2001-01-01"
0.424508537645775,2001,4,"delinquency_rate","2001-04-01"
-1.29532229026298,2001,7,"delinquency_rate","2001-07-01"
0.44884700646283,2001,10,"delinquency_rate","2001-10-01"
-0.167722571603656,2002,1,"delinquency_rate","2002-01-01"
-0.45143066655031,2002,4,"delinquency_rate","2002-04-01"
-0.321702309224362,2002,7,"delinquency_rate","2002-07-01"
-0.782866092648646,2002,10,"delinquency_rate","2002-10-01"
-0.194522455147141,2003,1,"delinquency_rate","2003-01-01"
-1.09178579219934,2003,4,"delinquency_rate","2003-04-01"
-0.735251354157823,2003,7,"delinquency_rate","2003-07-01"
0.211857450826765,2003,10,"delinquency_rate","2003-10-01"
-0.951248661539574,2004,1,"delinquency_rate","2004-01-01"
-0.434256652271892,2004,4,"delinquency_rate","2004-04-01"
-0.548314035402054,2004,7,"delinquency_rate","2004-07-01"
-1.31340927656473,2004,10,"delinquency_rate","2004-10-01"
0.145079690926349,2005,1,"delinquency_rate","2005-01-01"
1.37805855439757,2005,4,"delinquency_rate","2005-04-01"
0.426977795311617,2005,7,"delinquency_rate","2005-07-01"
0.417284837524105,2005,10,"delinquency_rate","2005-10-01"
-0.152145657121027,2006,1,"delinquency_rate","2006-01-01"
0.131679872003584,2006,4,"delinquency_rate","2006-04-01"
1.13095880289859,2006,7,"delinquency_rate","2006-07-01"
1.54405663450553,2006,10,"delinquency_rate","2006-10-01"
1.262381344803,2007,1,"delinquency_rate","2007-01-01"
1.64265033819438,2007,4,"delinquency_rate","2007-04-01"
2.48200184387774,2007,7,"delinquency_rate","2007-07-01"
2.04597564389752,2007,10,"delinquency_rate","2007-10-01"
2.67062057613429,2008,1,"delinquency_rate","2008-01-01"
2.74467031313269,2008,4,"delinquency_rate","2008-04-01"
2.955972865306,2008,7,"delinquency_rate","2008-07-01"
3.37224494241559,2008,10,"delinquency_rate","2008-10-01"
2.92868250826578,2009,1,"delinquency_rate","2009-01-01"
1.18524953369454,2009,4,"delinquency_rate","2009-04-01"
1.64465868503583,2009,7,"delinquency_rate","2009-07-01"
1.28584402716639,2009,10,"delinquency_rate","2009-10-01"
1.71797499174628,2010,1,"delinquency_rate","2010-01-01"
-0.613584058833871,2010,4,"delinquency_rate","2010-04-01"
-0.627984802981681,2010,7,"delinquency_rate","2010-07-01"
-0.299312784503232,2010,10,"delinquency_rate","2010-10-01"
0.0368768934157752,2011,1,"delinquency_rate","2011-01-01"
0.271527189349054,2011,4,"delinquency_rate","2011-04-01"
-0.00684697863379181,2011,7,"delinquency_rate","2011-07-01"
-0.257850823815995,2011,10,"delinquency_rate","2011-10-01"
0.125892447204429,2012,1,"delinquency_rate","2012-01-01"
0.140078463615095,2012,4,"delinquency_rate","2012-04-01"
0.0808940740657878,2012,7,"delinquency_rate","2012-07-01"
-0.545460147645081,2012,10,"delinquency_rate","2012-10-01"
-0.44234404960772,2013,1,"delinquency_rate","2013-01-01"
-0.703066546066159,2013,4,"delinquency_rate","2013-04-01"
-1.05598426721264,2013,7,"delinquency_rate","2013-07-01"
-0.540270624592497,2013,10,"delinquency_rate","2013-10-01"
-1.02864039561018,2014,1,"delinquency_rate","2014-01-01"
-0.689455285211967,2014,4,"delinquency_rate","2014-04-01"
-0.703933979403913,2014,7,"delinquency_rate","2014-07-01"
-1.13450720425633,2014,10,"delinquency_rate","2014-10-01"
-0.706620151219046,2015,1,"delinquency_rate","2015-01-01"
-1.03174034138386,2015,4,"delinquency_rate","2015-04-01"
-1.0552531251766,2015,7,"delinquency_rate","2015-07-01"
-0.926741087802171,2015,10,"delinquency_rate","2015-10-01"
-0.863095079427605,2016,1,"delinquency_rate","2016-01-01"
-0.64952038316321,2016,4,"delinquency_rate","2016-04-01"
-0.646747022012413,2016,7,"delinquency_rate","2016-07-01"
-0.825922187217858,2016,10,"delinquency_rate","2016-10-01"
-0.838254553671051,2017,1,"delinquency_rate","2017-01-01"
-0.932985998580678,2017,4,"delinquency_rate","2017-04-01"
-0.0467879711890919,2017,7,"delinquency_rate","2017-07-01"
-0.30243077974422,2017,10,"delinquency_rate","2017-10-01"
-0.354054100492731,2018,1,"delinquency_rate","2018-01-01"
-1.19963052799143,2018,4,"delinquency_rate","2018-04-01"
-0.999019783364397,2018,7,"delinquency_rate","2018-07-01"
-0.856277665962841,2018,10,"delinquency_rate","2018-10-01"
-0.739915958929567,2019,1,"delinquency_rate","2019-01-01"
-0.54314065061762,2019,4,"delinquency_rate","2019-04-01"
-0.751567468262343,2019,7,"delinquency_rate","2019-07-01"
-0.663523617313521,2019,10,"delinquency_rate","2019-10-01"
0.0450584617490691,1952,1,"mort_debt_out","1952-01-01"
0.64736244876484,1952,4,"mort_debt_out","1952-04-01"
0.565039187915315,1952,7,"mort_debt_out","1952-07-01"
0.433673332944985,1952,10,"mort_debt_out","1952-10-01"
0.381847235783492,1953,1,"mort_debt_out","1953-01-01"
0.829036507208346,1953,4,"mort_debt_out","1953-04-01"
0.356599790950734,1953,7,"mort_debt_out","1953-07-01"
0.348146885493235,1953,10,"mort_debt_out","1953-10-01"
-0.0081382745829675,1954,1,"mort_debt_out","1954-01-01"
0.81745684921201,1954,4,"mort_debt_out","1954-04-01"
0.897359542730279,1954,7,"mort_debt_out","1954-07-01"
1.20416083405263,1954,10,"mort_debt_out","1954-10-01"
1.11410882648389,1955,1,"mort_debt_out","1955-01-01"
1.36041330684991,1955,4,"mort_debt_out","1955-04-01"
1.11963031571799,1955,7,"mort_debt_out","1955-07-01"
1.02366622511631,1955,10,"mort_debt_out","1955-10-01"
0.698972006399865,1956,1,"mort_debt_out","1956-01-01"
1.00786284724321,1956,4,"mort_debt_out","1956-04-01"
0.659726309517021,1956,7,"mort_debt_out","1956-07-01"
0.402210765405071,1956,10,"mort_debt_out","1956-10-01"
0.155401930299781,1957,1,"mort_debt_out","1957-01-01"
0.093472915816779,1957,4,"mort_debt_out","1957-04-01"
0.287844102875109,1957,7,"mort_debt_out","1957-07-01"
0.0754645707611878,1957,10,"mort_debt_out","1957-10-01"
-0.176499714815803,1958,1,"mort_debt_out","1958-01-01"
0.323989656155707,1958,4,"mort_debt_out","1958-04-01"
0.616331545478287,1958,7,"mort_debt_out","1958-07-01"
0.832750417815132,1958,10,"mort_debt_out","1958-10-01"
0.359833532057827,1959,1,"mort_debt_out","1959-01-01"
0.941089026149307,1959,4,"mort_debt_out","1959-04-01"
0.755707244901514,1959,7,"mort_debt_out","1959-07-01"
0.506006184877331,1959,10,"mort_debt_out","1959-10-01"
0.0545644053331821,1960,1,"mort_debt_out","1960-01-01"
0.30554214988147,1960,4,"mort_debt_out","1960-04-01"
0.369090472539901,1960,7,"mort_debt_out","1960-07-01"
0.171618410796926,1960,10,"mort_debt_out","1960-10-01"
-0.0892912369390584,1961,1,"mort_debt_out","1961-01-01"
0.308182303789727,1961,4,"mort_debt_out","1961-04-01"
0.449228731916047,1961,7,"mort_debt_out","1961-07-01"
0.649884462283701,1961,10,"mort_debt_out","1961-10-01"
-0.145425238003923,1962,1,"mort_debt_out","1962-01-01"
0.434353386980727,1962,4,"mort_debt_out","1962-04-01"
0.400007569544134,1962,7,"mort_debt_out","1962-07-01"
0.542503033150636,1962,10,"mort_debt_out","1962-10-01"
-0.109933074277256,1963,1,"mort_debt_out","1963-01-01"
0.548137725589626,1963,4,"mort_debt_out","1963-04-01"
0.480798185434129,1963,7,"mort_debt_out","1963-07-01"
0.397396776590033,1963,10,"mort_debt_out","1963-10-01"
-0.0893017068023222,1964,1,"mort_debt_out","1964-01-01"
0.31650072770364,1964,4,"mort_debt_out","1964-04-01"
0.380593496401761,1964,7,"mort_debt_out","1964-07-01"
0.27856694778833,1964,10,"mort_debt_out","1964-10-01"
-0.270997230936714,1965,1,"mort_debt_out","1965-01-01"
0.115430229830726,1965,4,"mort_debt_out","1965-04-01"
0.0465753210485789,1965,7,"mort_debt_out","1965-07-01"
0.0480687063292545,1965,10,"mort_debt_out","1965-10-01"
-0.0307471872791206,1966,1,"mort_debt_out","1966-01-01"
0.138694279999199,1966,4,"mort_debt_out","1966-04-01"
-0.312249544567164,1966,7,"mort_debt_out","1966-07-01"
-0.616421661168392,1966,10,"mort_debt_out","1966-10-01"
-0.940416496641055,1967,1,"mort_debt_out","1967-01-01"
-0.47945168042863,1967,4,"mort_debt_out","1967-04-01"
-0.0143681429590416,1967,7,"mort_debt_out","1967-07-01"
0.00143686143457785,1967,10,"mort_debt_out","1967-10-01"
-0.390072886634251,1968,1,"mort_debt_out","1968-01-01"
-0.220588083404926,1968,4,"mort_debt_out","1968-04-01"
-0.0414098510687664,1968,7,"mort_debt_out","1968-07-01"
-0.125725362107275,1968,10,"mort_debt_out","1968-10-01"
-0.825386891486355,1969,1,"mort_debt_out","1969-01-01"
-0.309431961529134,1969,4,"mort_debt_out","1969-04-01"
-0.11463394458737,1969,7,"mort_debt_out","1969-07-01"
-0.254930342102445,1969,10,"mort_debt_out","1969-10-01"
0.667334626441057,1970,1,"mort_debt_out","1970-01-01"
1.17704525866909,1970,4,"mort_debt_out","1970-04-01"
0.458247300419145,1970,7,"mort_debt_out","1970-07-01"
-0.00358764081305009,1970,10,"mort_debt_out","1970-10-01"
-0.46597428158327,1971,1,"mort_debt_out","1971-01-01"
0.62449042200755,1971,4,"mort_debt_out","1971-04-01"
0.550424160930503,1971,7,"mort_debt_out","1971-07-01"
0.420131444202844,1971,10,"mort_debt_out","1971-10-01"
0.571813461064097,1972,1,"mort_debt_out","1972-01-01"
1.37490823400627,1972,4,"mort_debt_out","1972-04-01"
1.29729471589753,1972,7,"mort_debt_out","1972-07-01"
1.39376453631122,1972,10,"mort_debt_out","1972-10-01"
0.478774797610514,1973,1,"mort_debt_out","1973-01-01"
1.54107587936607,1973,4,"mort_debt_out","1973-04-01"
1.05168792809607,1973,7,"mort_debt_out","1973-07-01"
0.553716133515677,1973,10,"mort_debt_out","1973-10-01"
0.242310088458686,1974,1,"mort_debt_out","1974-01-01"
1.58332476968277,1974,4,"mort_debt_out","1974-04-01"
0.334714005569421,1974,7,"mort_debt_out","1974-07-01"
-0.0857986081004521,1974,10,"mort_debt_out","1974-10-01"
-0.421727308693176,1975,1,"mort_debt_out","1975-01-01"
0.244256687237713,1975,4,"mort_debt_out","1975-04-01"
0.366290928076506,1975,7,"mort_debt_out","1975-07-01"
0.202565919426489,1975,10,"mort_debt_out","1975-10-01"
0.216008388338212,1976,1,"mort_debt_out","1976-01-01"
0.503603626200013,1976,4,"mort_debt_out","1976-04-01"
0.803196539979946,1976,7,"mort_debt_out","1976-07-01"
0.66429666412405,1976,10,"mort_debt_out","1976-10-01"
0.593442412792534,1977,1,"mort_debt_out","1977-01-01"
1.47898985047573,1977,4,"mort_debt_out","1977-04-01"
1.72743118558118,1977,7,"mort_debt_out","1977-07-01"
1.53107215322628,1977,10,"mort_debt_out","1977-10-01"
0.790727918641636,1978,1,"mort_debt_out","1978-01-01"
1.77692419421763,1978,4,"mort_debt_out","1978-04-01"
1.70042589769933,1978,7,"mort_debt_out","1978-07-01"
1.49915640147155,1978,10,"mort_debt_out","1978-10-01"
1.0881591677879,1979,1,"mort_debt_out","1979-01-01"
1.67652272086577,1979,4,"mort_debt_out","1979-04-01"
1.69305103718846,1979,7,"mort_debt_out","1979-07-01"
0.89742726691923,1979,10,"mort_debt_out","1979-10-01"
1.09087837018129,1980,1,"mort_debt_out","1980-01-01"
0.0267313758072898,1980,4,"mort_debt_out","1980-04-01"
0.659967574329422,1980,7,"mort_debt_out","1980-07-01"
0.526006117467274,1980,10,"mort_debt_out","1980-10-01"
-0.0245903880917536,1981,1,"mort_debt_out","1981-01-01"
0.59334502280708,1981,4,"mort_debt_out","1981-04-01"
0.212640657039779,1981,7,"mort_debt_out","1981-07-01"
-0.4598725691646,1981,10,"mort_debt_out","1981-10-01"
-0.642307601356076,1982,1,"mort_debt_out","1982-01-01"
-0.145692125788041,1982,4,"mort_debt_out","1982-04-01"
-1.08688430395975,1982,7,"mort_debt_out","1982-07-01"
-0.377560443173917,1982,10,"mort_debt_out","1982-10-01"
-0.0108389012710204,1983,1,"mort_debt_out","1983-01-01"
0.887788965926512,1983,4,"mort_debt_out","1983-04-01"
1.31380736398112,1983,7,"mort_debt_out","1983-07-01"
0.838242038763068,1983,10,"mort_debt_out","1983-10-01"
0.808937350724611,1984,1,"mort_debt_out","1984-01-01"
1.41213546961867,1984,4,"mort_debt_out","1984-04-01"
1.05965075037472,1984,7,"mort_debt_out","1984-07-01"
0.232470285214937,1984,10,"mort_debt_out","1984-10-01"
1.01465031230193,1985,1,"mort_debt_out","1985-01-01"
0.953835372753598,1985,4,"mort_debt_out","1985-04-01"
0.916039228682924,1985,7,"mort_debt_out","1985-07-01"
0.523386143894723,1985,10,"mort_debt_out","1985-10-01"
-0.0355426725634004,1986,1,"mort_debt_out","1986-01-01"
0.98049257990477,1986,4,"mort_debt_out","1986-04-01"
1.25821282618989,1986,7,"mort_debt_out","1986-07-01"
-0.701077135171935,1986,10,"mort_debt_out","1986-10-01"
0.965032008595861,1987,1,"mort_debt_out","1987-01-01"
1.17554810025386,1987,4,"mort_debt_out","1987-04-01"
0.481326746198755,1987,7,"mort_debt_out","1987-07-01"
-0.0944828112140129,1987,10,"mort_debt_out","1987-10-01"
0.349264558007636,1988,1,"mort_debt_out","1988-01-01"
0.866254407812664,1988,4,"mort_debt_out","1988-04-01"
0.372947366705802,1988,7,"mort_debt_out","1988-07-01"
0.676151112599894,1988,10,"mort_debt_out","1988-10-01"
-0.219266317193726,1989,1,"mort_debt_out","1989-01-01"
0.145099745289679,1989,4,"mort_debt_out","1989-04-01"
0.27645810795612,1989,7,"mort_debt_out","1989-07-01"
-0.417475832019763,1989,10,"mort_debt_out","1989-10-01"
0.662262884647689,1990,1,"mort_debt_out","1990-01-01"
-0.125923016123518,1990,4,"mort_debt_out","1990-04-01"
-0.365430748524389,1990,7,"mort_debt_out","1990-07-01"
-0.726515427807767,1990,10,"mort_debt_out","1990-10-01"
-0.67610492588169,1991,1,"mort_debt_out","1991-01-01"
-0.208537614112117,1991,4,"mort_debt_out","1991-04-01"
-1.65794945260834,1991,7,"mort_debt_out","1991-07-01"
-0.790667245154764,1991,10,"mort_debt_out","1991-10-01"
-1.02104068168153,1992,1,"mort_debt_out","1992-01-01"
-1.21923220796623,1992,4,"mort_debt_out","1992-04-01"
-0.8579015930974,1992,7,"mort_debt_out","1992-07-01"
-1.28303517942499,1992,10,"mort_debt_out","1992-10-01"
-1.69772270778053,1993,1,"mort_debt_out","1993-01-01"
-0.773293717894377,1993,4,"mort_debt_out","1993-04-01"
-0.718616656645926,1993,7,"mort_debt_out","1993-07-01"
-0.8127320699266,1993,10,"mort_debt_out","1993-10-01"
-1.21695248921474,1994,1,"mort_debt_out","1994-01-01"
-0.679969053594222,1994,4,"mort_debt_out","1994-04-01"
-0.642173623748069,1994,7,"mort_debt_out","1994-07-01"
-0.856456795721778,1994,10,"mort_debt_out","1994-10-01"
-1.03952069172379,1995,1,"mort_debt_out","1995-01-01"
-0.597457141990176,1995,4,"mort_debt_out","1995-04-01"
-0.74401128928264,1995,7,"mort_debt_out","1995-07-01"
-0.980645263073445,1995,10,"mort_debt_out","1995-10-01"
-0.301792570207644,1996,1,"mort_debt_out","1996-01-01"
-0.294172330374664,1996,4,"mort_debt_out","1996-04-01"
-0.40248363588402,1996,7,"mort_debt_out","1996-07-01"
-0.428985229615281,1996,10,"mort_debt_out","1996-10-01"
-0.703092306718442,1997,1,"mort_debt_out","1997-01-01"
-0.30815236239895,1997,4,"mort_debt_out","1997-04-01"
0.322216935032948,1997,7,"mort_debt_out","1997-07-01"
-0.474889542049325,1997,10,"mort_debt_out","1997-10-01"
-0.117341710727478,1998,1,"mort_debt_out","1998-01-01"
0.311854759060117,1998,4,"mort_debt_out","1998-04-01"
0.350701423388196,1998,7,"mort_debt_out","1998-07-01"
0.856545317287512,1998,10,"mort_debt_out","1998-10-01"
0.288169169339733,1999,1,"mort_debt_out","1999-01-01"
0.450317619875169,1999,4,"mort_debt_out","1999-04-01"
1.33718047406768,1999,7,"mort_debt_out","1999-07-01"
0.361314769126283,1999,10,"mort_debt_out","1999-10-01"
-0.214102019861328,2000,1,"mort_debt_out","2000-01-01"
0.578474828871234,2000,4,"mort_debt_out","2000-04-01"
0.36369962244897,2000,7,"mort_debt_out","2000-07-01"
0.179279732686344,2000,10,"mort_debt_out","2000-10-01"
-0.606615659276288,2001,1,"mort_debt_out","2001-01-01"
0.975987245205223,2001,4,"mort_debt_out","2001-04-01"
0.906106037416933,2001,7,"mort_debt_out","2001-07-01"
0.568681090220648,2001,10,"mort_debt_out","2001-10-01"
0.319168189733983,2002,1,"mort_debt_out","2002-01-01"
0.951239550391458,2002,4,"mort_debt_out","2002-04-01"
1.07528377352021,2002,7,"mort_debt_out","2002-07-01"
1.21182397331544,2002,10,"mort_debt_out","2002-10-01"
0.437894631184225,2003,1,"mort_debt_out","2003-01-01"
1.31045673349706,2003,4,"mort_debt_out","2003-04-01"
1.11555854657744,2003,7,"mort_debt_out","2003-07-01"
0.583644102264145,2003,10,"mort_debt_out","2003-10-01"
0.818427715377246,2004,1,"mort_debt_out","2004-01-01"
1.49728011525004,2004,4,"mort_debt_out","2004-04-01"
1.26016566303373,2004,7,"mort_debt_out","2004-07-01"
1.17869591774927,2004,10,"mort_debt_out","2004-10-01"
0.765737603800519,2005,1,"mort_debt_out","2005-01-01"
1.51138017111893,2005,4,"mort_debt_out","2005-04-01"
1.38580657147078,2005,7,"mort_debt_out","2005-07-01"
1.1733264156144,2005,10,"mort_debt_out","2005-10-01"
1.23245955103066,2006,1,"mort_debt_out","2006-01-01"
1.14945557632055,2006,4,"mort_debt_out","2006-04-01"
0.658144510794679,2006,7,"mort_debt_out","2006-07-01"
0.0820408091885863,2006,10,"mort_debt_out","2006-10-01"
0.150226584215657,2007,1,"mort_debt_out","2007-01-01"
0.201880529995244,2007,4,"mort_debt_out","2007-04-01"
0.197712194772695,2007,7,"mort_debt_out","2007-07-01"
-0.447610235791072,2007,10,"mort_debt_out","2007-10-01"
-0.898473015282014,2008,1,"mort_debt_out","2008-01-01"
-1.53920704354274,2008,4,"mort_debt_out","2008-04-01"
-1.82287177785478,2008,7,"mort_debt_out","2008-07-01"
-2.13812822244194,2008,10,"mort_debt_out","2008-10-01"
-1.78920948581463,2009,1,"mort_debt_out","2009-01-01"
-2.00765232078138,2009,4,"mort_debt_out","2009-04-01"
-2.32141062194627,2009,7,"mort_debt_out","2009-07-01"
-2.30318780259337,2009,10,"mort_debt_out","2009-10-01"
-2.69241920992895,2010,1,"mort_debt_out","2010-01-01"
-2.47191752861108,2010,4,"mort_debt_out","2010-04-01"
-2.39683229248184,2010,7,"mort_debt_out","2010-07-01"
-2.88237649063723,2010,10,"mort_debt_out","2010-10-01"
-2.30653078383945,2011,1,"mort_debt_out","2011-01-01"
-2.38634192190881,2011,4,"mort_debt_out","2011-04-01"
-2.26983202094515,2011,7,"mort_debt_out","2011-07-01"
-2.0817324492213,2011,10,"mort_debt_out","2011-10-01"
-2.25991905894233,2012,1,"mort_debt_out","2012-01-01"
-2.23905671677798,2012,4,"mort_debt_out","2012-04-01"
-2.04590772494229,2012,7,"mort_debt_out","2012-07-01"
-1.94714804752948,2012,10,"mort_debt_out","2012-10-01"
-1.99588334084778,2013,1,"mort_debt_out","2013-01-01"
-1.73439665443479,2013,4,"mort_debt_out","2013-04-01"
-1.51077346803116,2013,7,"mort_debt_out","2013-07-01"
-1.60100382969034,2013,10,"mort_debt_out","2013-10-01"
-1.79296882931418,2014,1,"mort_debt_out","2014-01-01"
-1.52479903882611,2014,4,"mort_debt_out","2014-04-01"
-1.36245371694302,2014,7,"mort_debt_out","2014-07-01"
-1.23035655030298,2014,10,"mort_debt_out","2014-10-01"
-1.5636831184851,2015,1,"mort_debt_out","2015-01-01"
-0.993476359887626,2015,4,"mort_debt_out","2015-04-01"
-1.02655269434268,2015,7,"mort_debt_out","2015-07-01"
-0.718950420770106,2015,10,"mort_debt_out","2015-10-01"
-1.39880633593269,2016,1,"mort_debt_out","2016-01-01"
-0.972718486553923,2016,4,"mort_debt_out","2016-04-01"
-0.668812643763532,2016,7,"mort_debt_out","2016-07-01"
-0.948240251645013,2016,10,"mort_debt_out","2016-10-01"
-1.10648589222745,2017,1,"mort_debt_out","2017-01-01"
-0.824610329716676,2017,4,"mort_debt_out","2017-04-01"
-0.897039345091352,2017,7,"mort_debt_out","2017-07-01"
-0.610398644659957,2017,10,"mort_debt_out","2017-10-01"
-1.174858499106,2018,1,"mort_debt_out","2018-01-01"
-0.723716447014344,2018,4,"mort_debt_out","2018-04-01"
-0.857752163554687,2018,7,"mort_debt_out","2018-07-01"
-0.932567569893762,2018,10,"mort_debt_out","2018-10-01"
-1.20389069095258,2019,1,"mort_debt_out","2019-01-01"
-0.901852468298749,2019,4,"mort_debt_out","2019-04-01"
-0.643476037193613,2019,7,"mort_debt_out","2019-07-01"
-14.6,2011,4,"auto_standards","2011-04-01"
-20,2011,7,"auto_standards","2011-07-01"
-19.6,2011,10,"auto_standards","2011-10-01"
-14,2012,1,"auto_standards","2012-01-01"
-17.3,2012,4,"auto_standards","2012-04-01"
-22.8,2012,7,"auto_standards","2012-07-01"
-9.7,2012,10,"auto_standards","2012-10-01"
-16.1,2013,1,"auto_standards","2013-01-01"
-10.3,2013,4,"auto_standards","2013-04-01"
-14.1,2013,7,"auto_standards","2013-07-01"
-12.3,2013,10,"auto_standards","2013-10-01"
-15.2,2014,1,"auto_standards","2014-01-01"
-7.8,2014,4,"auto_standards","2014-04-01"
-4.5,2014,7,"auto_standards","2014-07-01"
-7.6,2014,10,"auto_standards","2014-10-01"
-4.7,2015,1,"auto_standards","2015-01-01"
-6.1,2015,4,"auto_standards","2015-04-01"
-3.2,2015,7,"auto_standards","2015-07-01"
-9.7,2015,10,"auto_standards","2015-10-01"
-6.3,2016,1,"auto_standards","2016-01-01"
-3.3,2016,4,"auto_standards","2016-04-01"
8.1,2016,7,"auto_standards","2016-07-01"
3.3,2016,10,"auto_standards","2016-10-01"
11.7,2017,1,"auto_standards","2017-01-01"
11.5,2017,4,"auto_standards","2017-04-01"
7.7,2017,7,"auto_standards","2017-07-01"
9.8,2017,10,"auto_standards","2017-10-01"
4.9,2018,1,"auto_standards","2018-01-01"
6.5,2018,4,"auto_standards","2018-04-01"
-3.5,2018,7,"auto_standards","2018-07-01"
3.6,2018,10,"auto_standards","2018-10-01"
1.9,2019,1,"auto_standards","2019-01-01"
1.8,2019,4,"auto_standards","2019-04-01"
3.5,2019,7,"auto_standards","2019-07-01"
0,2019,10,"auto_standards","2019-10-01"
8.9,2020,1,"auto_standards","2020-01-01"
16,2020,4,"auto_standards","2020-04-01"
0.0832709834737336,1947,1,"deflator","1947-01-01"
0.083813718002892,1947,2,"deflator","1947-02-01"
0.0852868545820363,1947,3,"deflator","1947-03-01"
0.0852868545820363,1947,4,"deflator","1947-04-01"
0.0850930208216226,1947,5,"deflator","1947-05-01"
0.0855969885986982,1947,6,"deflator","1947-06-01"
0.0861784898799394,1947,7,"deflator","1947-07-01"
0.086837524665346,1947,8,"deflator","1947-08-01"
0.0885432617569867,1947,9,"deflator","1947-09-01"
0.0888146290215659,1947,10,"deflator","1947-10-01"
0.0893961303028071,1947,11,"deflator","1947-11-01"
0.0907529666257031,1947,12,"deflator","1947-12-01"
0.0917996689319372,1948,1,"deflator","1948-01-01"
0.0917609021798545,1948,2,"deflator","1948-02-01"
0.0911018673944478,1948,3,"deflator","1948-03-01"
0.0923424034610956,1948,4,"deflator","1948-04-01"
0.0930789717506678,1948,5,"deflator","1948-05-01"
0.0936217062798262,1948,6,"deflator","1948-06-01"
0.0945908750818948,1948,7,"deflator","1948-07-01"
0.094707175338143,1948,8,"deflator","1948-08-01"
0.0944358080735638,1948,9,"deflator","1948-09-01"
0.0942419743131501,1948,10,"deflator","1948-10-01"
0.0936604730319089,1948,11,"deflator","1948-11-01"
0.0932340387589987,1948,12,"deflator","1948-12-01"
0.0930789717506678,1949,1,"deflator","1949-01-01"
0.0926913042298403,1949,2,"deflator","1949-02-01"
0.0926913042298403,1949,3,"deflator","1949-03-01"
0.0927300709819231,1949,4,"deflator","1949-04-01"
0.0926913042298403,1949,5,"deflator","1949-05-01"
0.0927300709819231,1949,6,"deflator","1949-06-01"
0.0918772024361027,1949,7,"deflator","1949-07-01"
0.0918772024361027,1949,8,"deflator","1949-08-01"
0.0920710361965164,1949,9,"deflator","1949-09-01"
0.0917609021798545,1949,10,"deflator","1949-10-01"
0.0918772024361027,1949,11,"deflator","1949-11-01"
0.091528301667358,1949,12,"deflator","1949-12-01"
0.0911406341465306,1950,1,"deflator","1950-01-01"
0.091528301667358,1950,2,"deflator","1950-02-01"
0.0916446019236063,1950,3,"deflator","1950-03-01"
0.091683368675689,1950,4,"deflator","1950-04-01"
0.0921485697006819,1950,5,"deflator","1950-05-01"
0.0925750039735921,1950,6,"deflator","1950-06-01"
0.0933115722631642,1950,7,"deflator","1950-07-01"
0.0938155400402399,1950,8,"deflator","1950-08-01"
0.0943582745693983,1950,9,"deflator","1950-09-01"
0.0949785426027222,1950,10,"deflator","1950-10-01"
0.0953662101235496,1950,11,"deflator","1950-11-01"
0.0968393467026939,1950,12,"deflator","1950-12-01"
0.0983900167860037,1951,1,"deflator","1951-01-01"
0.100134520629727,1951,2,"deflator","1951-02-01"
0.100328354390141,1951,3,"deflator","1951-03-01"
0.100483421398472,1951,4,"deflator","1951-04-01"
0.100754788663051,1951,5,"deflator","1951-05-01"
0.100522188150555,1951,6,"deflator","1951-06-01"
0.100444654646389,1951,7,"deflator","1951-07-01"
0.100250820885975,1951,8,"deflator","1951-08-01"
0.100909855671382,1951,9,"deflator","1951-09-01"
0.101413823448458,1951,10,"deflator","1951-10-01"
0.102034091481782,1951,11,"deflator","1951-11-01"
0.102615592763023,1951,12,"deflator","1951-12-01"
0.102538059258857,1952,1,"deflator","1952-01-01"
0.102382992250526,1952,2,"deflator","1952-02-01"
0.102305458746361,1952,3,"deflator","1952-03-01"
0.10257682601094,1952,4,"deflator","1952-04-01"
0.102615592763023,1952,5,"deflator","1952-05-01"
0.102848193275519,1952,6,"deflator","1952-06-01"
0.10342969455676,1952,7,"deflator","1952-07-01"
0.103468461308843,1952,8,"deflator","1952-08-01"
0.103235860796347,1952,9,"deflator","1952-09-01"
0.103468461308843,1952,10,"deflator","1952-10-01"
0.103468461308843,1952,11,"deflator","1952-11-01"
0.103545994813009,1952,12,"deflator","1952-12-01"
0.103274627548429,1953,1,"deflator","1953-01-01"
0.103080793788016,1953,2,"deflator","1953-02-01"
0.103235860796347,1953,3,"deflator","1953-03-01"
0.103468461308843,1953,4,"deflator","1953-04-01"
0.103507228060926,1953,5,"deflator","1953-05-01"
0.103778595325505,1953,6,"deflator","1953-06-01"
0.103856128829671,1953,7,"deflator","1953-07-01"
0.104088729342167,1953,8,"deflator","1953-08-01"
0.104243796350498,1953,9,"deflator","1953-09-01"
0.104476396862994,1953,10,"deflator","1953-10-01"
0.104088729342167,1953,11,"deflator","1953-11-01"
0.104166262846332,1953,12,"deflator","1953-12-01"
0.104437630110912,1954,1,"deflator","1954-01-01"
0.104631463871325,1954,2,"deflator","1954-02-01"
0.104398863358829,1954,3,"deflator","1954-03-01"
0.10412749609425,1954,4,"deflator","1954-04-01"
0.104398863358829,1954,5,"deflator","1954-05-01"
0.104437630110912,1954,6,"deflator","1954-06-01"
0.10412749609425,1954,7,"deflator","1954-07-01"
0.104088729342167,1954,8,"deflator","1954-08-01"
0.103933662333836,1954,9,"deflator","1954-09-01"
0.103584761565091,1954,10,"deflator","1954-10-01"
0.103817362077588,1954,11,"deflator","1954-11-01"
0.103778595325505,1954,12,"deflator","1954-12-01"
0.103778595325505,1955,1,"deflator","1955-01-01"
0.103972429085919,1955,2,"deflator","1955-02-01"
0.103856128829671,1955,3,"deflator","1955-03-01"
0.103856128829671,1955,4,"deflator","1955-04-01"
0.103778595325505,1955,5,"deflator","1955-05-01"
0.103545994813009,1955,6,"deflator","1955-06-01"
0.103739828573422,1955,7,"deflator","1955-07-01"
0.103584761565091,1955,8,"deflator","1955-08-01"
0.104088729342167,1955,9,"deflator","1955-09-01"
0.103972429085919,1955,10,"deflator","1955-10-01"
0.104205029598415,1955,11,"deflator","1955-11-01"
0.104166262846332,1955,12,"deflator","1955-12-01"
0.104011195838002,1956,1,"deflator","1956-01-01"
0.10412749609425,1956,2,"deflator","1956-02-01"
0.104243796350498,1956,3,"deflator","1956-03-01"
0.104398863358829,1956,4,"deflator","1956-04-01"
0.104786530879656,1956,5,"deflator","1956-05-01"
0.105251731904649,1956,6,"deflator","1956-06-01"
0.105794466433808,1956,7,"deflator","1956-07-01"
0.105871999937973,1956,8,"deflator","1956-08-01"
0.106027066946304,1956,9,"deflator","1956-09-01"
0.106647334979628,1956,10,"deflator","1956-10-01"
0.106647334979628,1956,11,"deflator","1956-11-01"
0.107112536004621,1956,12,"deflator","1956-12-01"
0.107267603012952,1957,1,"deflator","1957-01-01"
0.107771570790028,1957,2,"deflator","1957-02-01"
0.108004171302524,1957,3,"deflator","1957-03-01"
0.108275538567103,1957,4,"deflator","1957-04-01"
0.108546905831683,1957,5,"deflator","1957-05-01"
0.108973340104593,1957,6,"deflator","1957-06-01"
0.109283474121255,1957,7,"deflator","1957-07-01"
0.109632374889999,1957,8,"deflator","1957-08-01"
0.10978744189833,1957,9,"deflator","1957-09-01"
0.10978744189833,1957,10,"deflator","1957-10-01"
0.110136342667075,1957,11,"deflator","1957-11-01"
0.110368943179571,1957,12,"deflator","1957-12-01"
0.111027977964978,1958,1,"deflator","1958-01-01"
0.111260578477475,1958,2,"deflator","1958-02-01"
0.111919613262881,1958,3,"deflator","1958-03-01"
0.11219098052746,1958,4,"deflator","1958-04-01"
0.11219098052746,1958,5,"deflator","1958-05-01"
0.112074680271212,1958,6,"deflator","1958-06-01"
0.111997146767047,1958,7,"deflator","1958-07-01"
0.11219098052746,1958,8,"deflator","1958-08-01"
0.112074680271212,1958,9,"deflator","1958-09-01"
0.112074680271212,1958,10,"deflator","1958-10-01"
0.112229747279543,1958,11,"deflator","1958-11-01"
0.112307280783709,1958,12,"deflator","1958-12-01"
0.11246234779204,1959,1,"deflator","1959-01-01"
0.112423581039957,1959,2,"deflator","1959-02-01"
0.112307280783709,1959,3,"deflator","1959-03-01"
0.112346047535791,1959,4,"deflator","1959-04-01"
0.112578648048288,1959,5,"deflator","1959-05-01"
0.112850015312867,1959,6,"deflator","1959-06-01"
0.113005082321198,1959,7,"deflator","1959-07-01"
0.113121382577446,1959,8,"deflator","1959-08-01"
0.113392749842025,1959,9,"deflator","1959-09-01"
0.113780417362853,1959,10,"deflator","1959-10-01"
0.113780417362853,1959,11,"deflator","1959-11-01"
0.114013017875349,1959,12,"deflator","1959-12-01"
0.113857950867018,1960,1,"deflator","1960-01-01"
0.114013017875349,1960,2,"deflator","1960-02-01"
0.114013017875349,1960,3,"deflator","1960-03-01"
0.114516985652425,1960,4,"deflator","1960-04-01"
0.114633285908673,1960,5,"deflator","1960-05-01"
0.114788352917004,1960,6,"deflator","1960-06-01"
0.114555752404508,1960,7,"deflator","1960-07-01"
0.114788352917004,1960,8,"deflator","1960-08-01"
0.114788352917004,1960,9,"deflator","1960-09-01"
0.115331087446163,1960,10,"deflator","1960-10-01"
0.115447387702411,1960,11,"deflator","1960-11-01"
0.115563687958659,1960,12,"deflator","1960-12-01"
0.115679988214907,1961,1,"deflator","1961-01-01"
0.115679988214907,1961,2,"deflator","1961-02-01"
0.115679988214907,1961,3,"deflator","1961-03-01"
0.115563687958659,1961,4,"deflator","1961-04-01"
0.115679988214907,1961,5,"deflator","1961-05-01"
0.115679988214907,1961,6,"deflator","1961-06-01"
0.115990122231569,1961,7,"deflator","1961-07-01"
0.116067655735735,1961,8,"deflator","1961-08-01"
0.116222722744066,1961,9,"deflator","1961-09-01"
0.116222722744066,1961,10,"deflator","1961-10-01"
0.116222722744066,1961,11,"deflator","1961-11-01"
0.116339023000314,1961,12,"deflator","1961-12-01"
0.116455323256562,1962,1,"deflator","1962-01-01"
0.116726690521141,1962,2,"deflator","1962-02-01"
0.116959291033638,1962,3,"deflator","1962-03-01"
0.117114358041969,1962,4,"deflator","1962-04-01"
0.117230658298217,1962,5,"deflator","1962-05-01"
0.117114358041969,1962,6,"deflator","1962-06-01"
0.117153124794052,1962,7,"deflator","1962-07-01"
0.117385725306548,1962,8,"deflator","1962-08-01"
0.117928459835707,1962,9,"deflator","1962-09-01"
0.117773392827376,1962,10,"deflator","1962-10-01"
0.117773392827376,1962,11,"deflator","1962-11-01"
0.117773392827376,1962,12,"deflator","1962-12-01"
0.118005993339872,1963,1,"deflator","1963-01-01"
0.118161060348203,1963,2,"deflator","1963-02-01"
0.118277360604451,1963,3,"deflator","1963-03-01"
0.118161060348203,1963,4,"deflator","1963-04-01"
0.118277360604451,1963,5,"deflator","1963-05-01"
0.118665028125279,1963,6,"deflator","1963-06-01"
0.118975162141941,1963,7,"deflator","1963-07-01"
0.119207762654437,1963,8,"deflator","1963-08-01"
0.119091462398189,1963,9,"deflator","1963-09-01"
0.119207762654437,1963,10,"deflator","1963-10-01"
0.119324062910685,1963,11,"deflator","1963-11-01"
0.119711730431513,1963,12,"deflator","1963-12-01"
0.119944330944009,1964,1,"deflator","1964-01-01"
0.119828030687761,1964,2,"deflator","1964-02-01"
0.119944330944009,1964,3,"deflator","1964-03-01"
0.119983097696092,1964,4,"deflator","1964-04-01"
0.12009939795234,1964,5,"deflator","1964-05-01"
0.120215698208588,1964,6,"deflator","1964-06-01"
0.120254464960671,1964,7,"deflator","1964-07-01"
0.120370765216919,1964,8,"deflator","1964-08-01"
0.120487065473168,1964,9,"deflator","1964-09-01"
0.120642132481499,1964,10,"deflator","1964-10-01"
0.120991033250243,1964,11,"deflator","1964-11-01"
0.121146100258574,1964,12,"deflator","1964-12-01"
0.121262400514822,1965,1,"deflator","1965-01-01"
0.121262400514822,1965,2,"deflator","1965-02-01"
0.121378700771071,1965,3,"deflator","1965-03-01"
0.12165006803565,1965,4,"deflator","1965-04-01"
0.122037735556477,1965,5,"deflator","1965-05-01"
0.122541703333553,1965,6,"deflator","1965-06-01"
0.122425403077305,1965,7,"deflator","1965-07-01"
0.122309102821057,1965,8,"deflator","1965-08-01"
0.122580470085636,1965,9,"deflator","1965-09-01"
0.122696770341884,1965,10,"deflator","1965-10-01"
0.123084437862711,1965,11,"deflator","1965-11-01"
0.123472105383539,1965,12,"deflator","1965-12-01"
0.123588405639787,1966,1,"deflator","1966-01-01"
0.124363740681442,1966,2,"deflator","1966-02-01"
0.124751408202269,1966,3,"deflator","1966-03-01"
0.125139075723097,1966,4,"deflator","1966-04-01"
0.125410442987676,1966,5,"deflator","1966-05-01"
0.125526743243924,1966,6,"deflator","1966-06-01"
0.125798110508504,1966,7,"deflator","1966-07-01"
0.126573445550158,1966,8,"deflator","1966-08-01"
0.126961113070986,1966,9,"deflator","1966-09-01"
0.127348780591813,1966,10,"deflator","1966-10-01"
0.127465080848061,1966,11,"deflator","1966-11-01"
0.127620147856392,1966,12,"deflator","1966-12-01"
0.127542614352227,1967,1,"deflator","1967-01-01"
0.127930281873054,1967,2,"deflator","1967-02-01"
0.127930281873054,1967,3,"deflator","1967-03-01"
0.128317949393882,1967,4,"deflator","1967-04-01"
0.128317949393882,1967,5,"deflator","1967-05-01"
0.129093284435537,1967,6,"deflator","1967-06-01"
0.129480951956364,1967,7,"deflator","1967-07-01"
0.129868619477192,1967,8,"deflator","1967-08-01"
0.130256286998019,1967,9,"deflator","1967-09-01"
0.130643954518846,1967,10,"deflator","1967-10-01"
0.131419289560501,1967,11,"deflator","1967-11-01"
0.131806957081329,1967,12,"deflator","1967-12-01"
0.132194624602156,1968,1,"deflator","1968-01-01"
0.132582292122984,1968,2,"deflator","1968-02-01"
0.132969959643811,1968,3,"deflator","1968-03-01"
0.133357627164639,1968,4,"deflator","1968-04-01"
0.133745294685466,1968,5,"deflator","1968-05-01"
0.134520629727121,1968,6,"deflator","1968-06-01"
0.135295964768776,1968,7,"deflator","1968-07-01"
0.135683632289603,1968,8,"deflator","1968-08-01"
0.136071299810431,1968,9,"deflator","1968-09-01"
0.136846634852085,1968,10,"deflator","1968-10-01"
0.137234302372913,1968,11,"deflator","1968-11-01"
0.138009637414568,1968,12,"deflator","1968-12-01"
0.138397304935395,1969,1,"deflator","1969-01-01"
0.138784972456223,1969,2,"deflator","1969-02-01"
0.139947975018705,1969,3,"deflator","1969-03-01"
0.14072331006036,1969,4,"deflator","1969-04-01"
0.141110977581187,1969,5,"deflator","1969-05-01"
0.141886312622842,1969,6,"deflator","1969-06-01"
0.142661647664497,1969,7,"deflator","1969-07-01"
0.143049315185324,1969,8,"deflator","1969-08-01"
0.143824650226979,1969,9,"deflator","1969-09-01"
0.144599985268634,1969,10,"deflator","1969-10-01"
0.145375320310289,1969,11,"deflator","1969-11-01"
0.146150655351944,1969,12,"deflator","1969-12-01"
0.146925990393599,1970,1,"deflator","1970-01-01"
0.147701325435254,1970,2,"deflator","1970-02-01"
0.148476660476909,1970,3,"deflator","1970-03-01"
0.149251995518563,1970,4,"deflator","1970-04-01"
0.149639663039391,1970,5,"deflator","1970-05-01"
0.150414998081046,1970,6,"deflator","1970-06-01"
0.150802665601873,1970,7,"deflator","1970-07-01"
0.151190333122701,1970,8,"deflator","1970-08-01"
0.151965668164356,1970,9,"deflator","1970-09-01"
0.15274100320601,1970,10,"deflator","1970-10-01"
0.153516338247665,1970,11,"deflator","1970-11-01"
0.15429167328932,1970,12,"deflator","1970-12-01"
0.154679340810148,1971,1,"deflator","1971-01-01"
0.154679340810148,1971,2,"deflator","1971-02-01"
0.155067008330975,1971,3,"deflator","1971-03-01"
0.155454675851802,1971,4,"deflator","1971-04-01"
0.156230010893457,1971,5,"deflator","1971-05-01"
0.157005345935112,1971,6,"deflator","1971-06-01"
0.15739301345594,1971,7,"deflator","1971-07-01"
0.157780680976767,1971,8,"deflator","1971-08-01"
0.158168348497595,1971,9,"deflator","1971-09-01"
0.158556016018422,1971,10,"deflator","1971-10-01"
0.158943683539249,1971,11,"deflator","1971-11-01"
0.159331351060077,1971,12,"deflator","1971-12-01"
0.159719018580904,1972,1,"deflator","1972-01-01"
0.160494353622559,1972,2,"deflator","1972-02-01"
0.160494353622559,1972,3,"deflator","1972-03-01"
0.160882021143387,1972,4,"deflator","1972-04-01"
0.161269688664214,1972,5,"deflator","1972-05-01"
0.161657356185041,1972,6,"deflator","1972-06-01"
0.162045023705869,1972,7,"deflator","1972-07-01"
0.162432691226696,1972,8,"deflator","1972-08-01"
0.163208026268351,1972,9,"deflator","1972-09-01"
0.163595693789179,1972,10,"deflator","1972-10-01"
0.164371028830834,1972,11,"deflator","1972-11-01"
0.164758696351661,1972,12,"deflator","1972-12-01"
0.165534031393316,1973,1,"deflator","1973-01-01"
0.166697033955798,1973,2,"deflator","1973-02-01"
0.168247704039108,1973,3,"deflator","1973-03-01"
0.16941070660159,1973,4,"deflator","1973-04-01"
0.170186041643245,1973,5,"deflator","1973-05-01"
0.171349044205727,1973,6,"deflator","1973-06-01"
0.171349044205727,1973,7,"deflator","1973-07-01"
0.174450384372347,1973,8,"deflator","1973-08-01"
0.175225719414002,1973,9,"deflator","1973-09-01"
0.176776389497312,1973,10,"deflator","1973-10-01"
0.177939392059794,1973,11,"deflator","1973-11-01"
0.179490062143104,1973,12,"deflator","1973-12-01"
0.181428399747241,1974,1,"deflator","1974-01-01"
0.183366737351378,1974,2,"deflator","1974-02-01"
0.185305074955515,1974,3,"deflator","1974-03-01"
0.186468077517997,1974,4,"deflator","1974-04-01"
0.188406415122135,1974,5,"deflator","1974-05-01"
0.189957085205444,1974,6,"deflator","1974-06-01"
0.191120087767927,1974,7,"deflator","1974-07-01"
0.193446092892891,1974,8,"deflator","1974-08-01"
0.196159765538683,1974,9,"deflator","1974-09-01"
0.197710435621993,1974,10,"deflator","1974-10-01"
0.19964877322613,1974,11,"deflator","1974-11-01"
0.20119944330944,1974,12,"deflator","1974-12-01"
0.20275011339275,1975,1,"deflator","1975-01-01"
0.203913115955232,1975,2,"deflator","1975-02-01"
0.204688450996887,1975,3,"deflator","1975-03-01"
0.205463786038542,1975,4,"deflator","1975-04-01"
0.205851453559369,1975,5,"deflator","1975-05-01"
0.207402123642679,1975,6,"deflator","1975-06-01"
0.209340461246816,1975,7,"deflator","1975-07-01"
0.210115796288471,1975,8,"deflator","1975-08-01"
0.211666466371781,1975,9,"deflator","1975-09-01"
0.212829468934263,1975,10,"deflator","1975-10-01"
0.214380139017573,1975,11,"deflator","1975-11-01"
0.215543141580055,1975,12,"deflator","1975-12-01"
0.21631847662171,1976,1,"deflator","1976-01-01"
0.216706144142538,1976,2,"deflator","1976-02-01"
0.217093811663365,1976,3,"deflator","1976-03-01"
0.217481479184192,1976,4,"deflator","1976-04-01"
0.218644481746675,1976,5,"deflator","1976-05-01"
0.219807484309157,1976,6,"deflator","1976-06-01"
0.220970486871639,1976,7,"deflator","1976-07-01"
0.222133489434122,1976,8,"deflator","1976-08-01"
0.223296491996604,1976,9,"deflator","1976-09-01"
0.224459494559086,1976,10,"deflator","1976-10-01"
0.225234829600741,1976,11,"deflator","1976-11-01"
0.226397832163224,1976,12,"deflator","1976-12-01"
0.227560834725706,1977,1,"deflator","1977-01-01"
0.22988683985067,1977,2,"deflator","1977-02-01"
0.231049842413153,1977,3,"deflator","1977-03-01"
0.232600512496463,1977,4,"deflator","1977-04-01"
0.233375847538117,1977,5,"deflator","1977-05-01"
0.2345388501006,1977,6,"deflator","1977-06-01"
0.235701852663082,1977,7,"deflator","1977-07-01"
0.236864855225564,1977,8,"deflator","1977-08-01"
0.237640190267219,1977,9,"deflator","1977-09-01"
0.238803192829702,1977,10,"deflator","1977-10-01"
0.240353862913011,1977,11,"deflator","1977-11-01"
0.241516865475494,1977,12,"deflator","1977-12-01"
0.243067535558803,1978,1,"deflator","1978-01-01"
0.244230538121286,1978,2,"deflator","1978-02-01"
0.245781208204595,1978,3,"deflator","1978-03-01"
0.247719545808733,1978,4,"deflator","1978-04-01"
0.250045550933697,1978,5,"deflator","1978-05-01"
0.251983888537834,1978,6,"deflator","1978-06-01"
0.253922226141972,1978,7,"deflator","1978-07-01"
0.255472896225281,1978,8,"deflator","1978-08-01"
0.257798901350246,1978,9,"deflator","1978-09-01"
0.260124906475211,1978,10,"deflator","1978-10-01"
0.26167557655852,1978,11,"deflator","1978-11-01"
0.26322624664183,1978,12,"deflator","1978-12-01"
0.265552251766795,1979,1,"deflator","1979-01-01"
0.268265924412587,1979,2,"deflator","1979-02-01"
0.270979597058379,1979,3,"deflator","1979-03-01"
0.273693269704171,1979,4,"deflator","1979-04-01"
0.27679460987079,1979,5,"deflator","1979-05-01"
0.27989595003741,1979,6,"deflator","1979-06-01"
0.282997290204029,1979,7,"deflator","1979-07-01"
0.285710962849822,1979,8,"deflator","1979-08-01"
0.288424635495614,1979,9,"deflator","1979-09-01"
0.291525975662233,1979,10,"deflator","1979-10-01"
0.294627315828853,1979,11,"deflator","1979-11-01"
0.2981163235163,1979,12,"deflator","1979-12-01"
0.302380666245401,1980,1,"deflator","1980-01-01"
0.306257341453676,1980,2,"deflator","1980-02-01"
0.310521684182777,1980,3,"deflator","1980-03-01"
0.313623024349397,1980,4,"deflator","1980-04-01"
0.316724364516017,1980,5,"deflator","1980-05-01"
0.319825704682636,1980,6,"deflator","1980-06-01"
0.320213372203463,1980,7,"deflator","1980-07-01"
0.322539377328428,1980,8,"deflator","1980-08-01"
0.32525304997422,1980,9,"deflator","1980-09-01"
0.32835439014084,1980,10,"deflator","1980-10-01"
0.331843397828287,1980,11,"deflator","1980-11-01"
0.334944737994906,1980,12,"deflator","1980-12-01"
0.338046078161526,1981,1,"deflator","1981-01-01"
0.341147418328145,1981,2,"deflator","1981-02-01"
0.34347342345311,1981,3,"deflator","1981-03-01"
0.345411761057247,1981,4,"deflator","1981-04-01"
0.347737766182212,1981,5,"deflator","1981-05-01"
0.350839106348831,1981,6,"deflator","1981-06-01"
0.354715781557105,1981,7,"deflator","1981-07-01"
0.357429454202897,1981,8,"deflator","1981-08-01"
0.360918461890344,1981,9,"deflator","1981-09-01"
0.362081464452827,1981,10,"deflator","1981-10-01"
0.363632134536136,1981,11,"deflator","1981-11-01"
0.364795137098619,1981,12,"deflator","1981-12-01"
0.365958139661101,1982,1,"deflator","1982-01-01"
0.367121142223583,1982,2,"deflator","1982-02-01"
0.367121142223583,1982,3,"deflator","1982-03-01"
0.368284144786066,1982,4,"deflator","1982-04-01"
0.371773152473513,1982,5,"deflator","1982-05-01"
0.376037495202614,1982,6,"deflator","1982-06-01"
0.377975832806752,1982,7,"deflator","1982-07-01"
0.378751167848407,1982,8,"deflator","1982-08-01"
0.378751167848407,1982,9,"deflator","1982-09-01"
0.380301837931716,1982,10,"deflator","1982-10-01"
0.379914170410889,1982,11,"deflator","1982-11-01"
0.378751167848407,1982,12,"deflator","1982-12-01"
0.379526502890061,1983,1,"deflator","1983-01-01"
0.379914170410889,1983,2,"deflator","1983-02-01"
0.380301837931716,1983,3,"deflator","1983-03-01"
0.383015510577508,1983,4,"deflator","1983-04-01"
0.384566180660818,1983,5,"deflator","1983-05-01"
0.385341515702473,1983,6,"deflator","1983-06-01"
0.386892185785783,1983,7,"deflator","1983-07-01"
0.388055188348265,1983,8,"deflator","1983-08-01"
0.389218190910747,1983,9,"deflator","1983-09-01"
0.390768860994057,1983,10,"deflator","1983-10-01"
0.391931863556539,1983,11,"deflator","1983-11-01"
0.393094866119022,1983,12,"deflator","1983-12-01"
0.395808538764814,1984,1,"deflator","1984-01-01"
0.397746876368951,1984,2,"deflator","1984-02-01"
0.398909878931433,1984,3,"deflator","1984-03-01"
0.400460549014743,1984,4,"deflator","1984-04-01"
0.401235884056398,1984,5,"deflator","1984-05-01"
0.402011219098053,1984,6,"deflator","1984-06-01"
0.403561889181362,1984,7,"deflator","1984-07-01"
0.404724891743845,1984,8,"deflator","1984-08-01"
0.405887894306327,1984,9,"deflator","1984-09-01"
0.407438564389637,1984,10,"deflator","1984-10-01"
0.408213899431292,1984,11,"deflator","1984-11-01"
0.408989234472947,1984,12,"deflator","1984-12-01"
0.409764569514602,1985,1,"deflator","1985-01-01"
0.412090574639566,1985,2,"deflator","1985-02-01"
0.414028912243703,1985,3,"deflator","1985-03-01"
0.414804247285358,1985,4,"deflator","1985-04-01"
0.415579582327013,1985,5,"deflator","1985-05-01"
0.416742584889495,1985,6,"deflator","1985-06-01"
0.41751791993115,1985,7,"deflator","1985-07-01"
0.418293254972805,1985,8,"deflator","1985-08-01"
0.41906859001446,1985,9,"deflator","1985-09-01"
0.42061926009777,1985,10,"deflator","1985-10-01"
0.422557597701907,1985,11,"deflator","1985-11-01"
0.424495935306044,1985,12,"deflator","1985-12-01"
0.426046605389354,1986,1,"deflator","1986-01-01"
0.425271270347699,1986,2,"deflator","1986-02-01"
0.422945265222734,1986,3,"deflator","1986-03-01"
0.421394595139425,1986,4,"deflator","1986-04-01"
0.422557597701907,1986,5,"deflator","1986-05-01"
0.424108267785217,1986,6,"deflator","1986-06-01"
0.424495935306044,1986,7,"deflator","1986-07-01"
0.424883602826872,1986,8,"deflator","1986-08-01"
0.426434272910181,1986,9,"deflator","1986-09-01"
0.427209607951836,1986,10,"deflator","1986-10-01"
0.427984942993491,1986,11,"deflator","1986-11-01"
0.429535613076801,1986,12,"deflator","1986-12-01"
0.431861618201765,1987,1,"deflator","1987-01-01"
0.433412288285075,1987,2,"deflator","1987-02-01"
0.434962958368385,1987,3,"deflator","1987-03-01"
0.436901295972522,1987,4,"deflator","1987-04-01"
0.438064298535005,1987,5,"deflator","1987-05-01"
0.440002636139142,1987,6,"deflator","1987-06-01"
0.441165638701624,1987,7,"deflator","1987-07-01"
0.443103976305761,1987,8,"deflator","1987-08-01"
0.444654646389071,1987,9,"deflator","1987-09-01"
0.445817648951553,1987,10,"deflator","1987-10-01"
0.447368319034863,1987,11,"deflator","1987-11-01"
0.448143654076518,1987,12,"deflator","1987-12-01"
0.449694324159828,1988,1,"deflator","1988-01-01"
0.450469659201483,1988,2,"deflator","1988-02-01"
0.451632661763965,1988,3,"deflator","1988-03-01"
0.454346334409757,1988,4,"deflator","1988-04-01"
0.455509336972239,1988,5,"deflator","1988-05-01"
0.457447674576376,1988,6,"deflator","1988-06-01"
0.459386012180514,1988,7,"deflator","1988-07-01"
0.461324349784651,1988,8,"deflator","1988-08-01"
0.463262687388788,1988,9,"deflator","1988-09-01"
0.464813357472098,1988,10,"deflator","1988-10-01"
0.466364027555407,1988,11,"deflator","1988-11-01"
0.467914697638717,1988,12,"deflator","1988-12-01"
0.469853035242854,1989,1,"deflator","1989-01-01"
0.471403705326164,1989,2,"deflator","1989-02-01"
0.473729710451129,1989,3,"deflator","1989-03-01"
0.477218718138576,1989,4,"deflator","1989-04-01"
0.47954472326354,1989,5,"deflator","1989-05-01"
0.48109539334685,1989,6,"deflator","1989-06-01"
0.48264606343016,1989,7,"deflator","1989-07-01"
0.48264606343016,1989,8,"deflator","1989-08-01"
0.483809065992642,1989,9,"deflator","1989-09-01"
0.486135071117607,1989,10,"deflator","1989-10-01"
0.488073408721744,1989,11,"deflator","1989-11-01"
0.489624078805054,1989,12,"deflator","1989-12-01"
0.494276089054983,1990,1,"deflator","1990-01-01"
0.49621442665912,1990,2,"deflator","1990-02-01"
0.498540431784085,1990,3,"deflator","1990-03-01"
0.499703434346567,1990,4,"deflator","1990-04-01"
0.500478769388222,1990,5,"deflator","1990-05-01"
0.503580109554841,1990,6,"deflator","1990-06-01"
0.505906114679806,1990,7,"deflator","1990-07-01"
0.510170457408908,1990,8,"deflator","1990-08-01"
0.513659465096355,1990,9,"deflator","1990-09-01"
0.517148472783802,1990,10,"deflator","1990-10-01"
0.518311475346284,1990,11,"deflator","1990-11-01"
0.520249812950421,1990,12,"deflator","1990-12-01"
0.522188150554558,1991,1,"deflator","1991-01-01"
0.522575818075386,1991,2,"deflator","1991-02-01"
0.522575818075386,1991,3,"deflator","1991-03-01"
0.523738820637868,1991,4,"deflator","1991-04-01"
0.525677158242005,1991,5,"deflator","1991-05-01"
0.527227828325315,1991,6,"deflator","1991-06-01"
0.52800316336697,1991,7,"deflator","1991-07-01"
0.52955383345028,1991,8,"deflator","1991-08-01"
0.53110450353359,1991,9,"deflator","1991-09-01"
0.531879838575244,1991,10,"deflator","1991-10-01"
0.534205843700209,1991,11,"deflator","1991-11-01"
0.535756513783519,1991,12,"deflator","1991-12-01"
0.536144181304346,1992,1,"deflator","1992-01-01"
0.537307183866829,1992,2,"deflator","1992-02-01"
0.539245521470966,1992,3,"deflator","1992-03-01"
0.540408524033448,1992,4,"deflator","1992-04-01"
0.54157152659593,1992,5,"deflator","1992-05-01"
0.54312219667924,1992,6,"deflator","1992-06-01"
0.54467286676255,1992,7,"deflator","1992-07-01"
0.545835869325032,1992,8,"deflator","1992-08-01"
0.546998871887514,1992,9,"deflator","1992-09-01"
0.549324877012479,1992,10,"deflator","1992-10-01"
0.550875547095789,1992,11,"deflator","1992-11-01"
0.551650882137444,1992,12,"deflator","1992-12-01"
0.553589219741581,1993,1,"deflator","1993-01-01"
0.554752222304063,1993,2,"deflator","1993-02-01"
0.555527557345718,1993,3,"deflator","1993-03-01"
0.557465894949855,1993,4,"deflator","1993-04-01"
0.559016565033165,1993,5,"deflator","1993-05-01"
0.559404232553993,1993,6,"deflator","1993-06-01"
0.560179567595647,1993,7,"deflator","1993-07-01"
0.56134257015813,1993,8,"deflator","1993-08-01"
0.562117905199785,1993,9,"deflator","1993-09-01"
0.564443910324749,1993,10,"deflator","1993-10-01"
0.565994580408059,1993,11,"deflator","1993-11-01"
0.567157582970541,1993,12,"deflator","1993-12-01"
0.567157582970541,1994,1,"deflator","1994-01-01"
0.568708253053851,1994,2,"deflator","1994-02-01"
0.570258923137161,1994,3,"deflator","1994-03-01"
0.570646590657988,1994,4,"deflator","1994-04-01"
0.57180959322047,1994,5,"deflator","1994-05-01"
0.57336026330378,1994,6,"deflator","1994-06-01"
0.575298600907917,1994,7,"deflator","1994-07-01"
0.577624606032882,1994,8,"deflator","1994-08-01"
0.578787608595364,1994,9,"deflator","1994-09-01"
0.579175276116192,1994,10,"deflator","1994-10-01"
0.580725946199502,1994,11,"deflator","1994-11-01"
0.581888948761984,1994,12,"deflator","1994-12-01"
0.583439618845294,1995,1,"deflator","1995-01-01"
0.584990288928603,1995,2,"deflator","1995-02-01"
0.586153291491086,1995,3,"deflator","1995-03-01"
0.58847929661605,1995,4,"deflator","1995-04-01"
0.589642299178533,1995,5,"deflator","1995-05-01"
0.590805301741015,1995,6,"deflator","1995-06-01"
0.59158063678267,1995,7,"deflator","1995-07-01"
0.592743639345152,1995,8,"deflator","1995-08-01"
0.593518974386807,1995,9,"deflator","1995-09-01"
0.595069644470117,1995,10,"deflator","1995-10-01"
0.595844979511772,1995,11,"deflator","1995-11-01"
0.596620314553426,1995,12,"deflator","1995-12-01"
0.599721654720046,1996,1,"deflator","1996-01-01"
0.600884657282528,1996,2,"deflator","1996-02-01"
0.602822994886665,1996,3,"deflator","1996-03-01"
0.60514900001163,1996,4,"deflator","1996-04-01"
0.606312002574112,1996,5,"deflator","1996-05-01"
0.607475005136595,1996,6,"deflator","1996-06-01"
0.608638007699077,1996,7,"deflator","1996-07-01"
0.609413342740732,1996,8,"deflator","1996-08-01"
0.611351680344869,1996,9,"deflator","1996-09-01"
0.613290017949006,1996,10,"deflator","1996-10-01"
0.615228355553143,1996,11,"deflator","1996-11-01"
0.616779025636453,1996,12,"deflator","1996-12-01"
0.617942028198936,1997,1,"deflator","1997-01-01"
0.619105030761418,1997,2,"deflator","1997-02-01"
0.619492698282245,1997,3,"deflator","1997-03-01"
0.619880365803073,1997,4,"deflator","1997-04-01"
0.619880365803073,1997,5,"deflator","1997-05-01"
0.621043368365555,1997,6,"deflator","1997-06-01"
0.62181870340721,1997,7,"deflator","1997-07-01"
0.62336937349052,1997,8,"deflator","1997-08-01"
0.624920043573829,1997,9,"deflator","1997-09-01"
0.626083046136312,1997,10,"deflator","1997-10-01"
0.626858381177967,1997,11,"deflator","1997-11-01"
0.627246048698794,1997,12,"deflator","1997-12-01"
0.628021383740449,1998,1,"deflator","1998-01-01"
0.628021383740449,1998,2,"deflator","1998-02-01"
0.628021383740449,1998,3,"deflator","1998-03-01"
0.628796718782104,1998,4,"deflator","1998-04-01"
0.630347388865414,1998,5,"deflator","1998-05-01"
0.631122723907068,1998,6,"deflator","1998-06-01"
0.632673393990378,1998,7,"deflator","1998-07-01"
0.633448729032033,1998,8,"deflator","1998-08-01"
0.633836396552861,1998,9,"deflator","1998-09-01"
0.63538706663617,1998,10,"deflator","1998-10-01"
0.636162401677825,1998,11,"deflator","1998-11-01"
0.637325404240307,1998,12,"deflator","1998-12-01"
0.63848840680279,1999,1,"deflator","1999-01-01"
0.63848840680279,1999,2,"deflator","1999-02-01"
0.638876074323617,1999,3,"deflator","1999-03-01"
0.643140417052719,1999,4,"deflator","1999-04-01"
0.643528084573546,1999,5,"deflator","1999-05-01"
0.643528084573546,1999,6,"deflator","1999-06-01"
0.646241757219338,1999,7,"deflator","1999-07-01"
0.647792427302648,1999,8,"deflator","1999-08-01"
0.65050609994844,1999,9,"deflator","1999-09-01"
0.651669102510923,1999,10,"deflator","1999-10-01"
0.652832105073405,1999,11,"deflator","1999-11-01"
0.654382775156715,1999,12,"deflator","1999-12-01"
0.656321112760852,2000,1,"deflator","2000-01-01"
0.659034785406644,2000,2,"deflator","2000-02-01"
0.662911460614918,2000,3,"deflator","2000-03-01"
0.662523793094091,2000,4,"deflator","2000-04-01"
0.663686795656573,2000,5,"deflator","2000-05-01"
0.667563470864847,2000,6,"deflator","2000-06-01"
0.669501808468985,2000,7,"deflator","2000-07-01"
0.669501808468985,2000,8,"deflator","2000-08-01"
0.672990816156432,2000,9,"deflator","2000-09-01"
0.674153818718914,2000,10,"deflator","2000-10-01"
0.675316821281396,2000,11,"deflator","2000-11-01"
0.676867491364706,2000,12,"deflator","2000-12-01"
0.68074416657298,2001,1,"deflator","2001-01-01"
0.68229483665629,2001,2,"deflator","2001-02-01"
0.682682504177118,2001,3,"deflator","2001-03-01"
0.6838455067396,2001,4,"deflator","2001-04-01"
0.687334514427047,2001,5,"deflator","2001-05-01"
0.688885184510357,2001,6,"deflator","2001-06-01"
0.687722181947874,2001,7,"deflator","2001-07-01"
0.687722181947874,2001,8,"deflator","2001-08-01"
0.690435854593666,2001,9,"deflator","2001-09-01"
0.688497516989529,2001,10,"deflator","2001-10-01"
0.688109849468702,2001,11,"deflator","2001-11-01"
0.687722181947874,2001,12,"deflator","2001-12-01"
0.688885184510357,2002,1,"deflator","2002-01-01"
0.690048187072839,2002,2,"deflator","2002-02-01"
0.691986524676976,2002,3,"deflator","2002-03-01"
0.695087864843596,2002,4,"deflator","2002-04-01"
0.69586319988525,2002,5,"deflator","2002-05-01"
0.696250867406078,2002,6,"deflator","2002-06-01"
0.697801537489388,2002,7,"deflator","2002-07-01"
0.699739875093525,2002,8,"deflator","2002-08-01"
0.700902877656007,2002,9,"deflator","2002-09-01"
0.702453547739317,2002,10,"deflator","2002-10-01"
0.703616550301799,2002,11,"deflator","2002-11-01"
0.704779552864282,2002,12,"deflator","2002-12-01"
0.707880893030901,2003,1,"deflator","2003-01-01"
0.711757568239175,2003,2,"deflator","2003-02-01"
0.712920570801658,2003,3,"deflator","2003-03-01"
0.710206898155866,2003,4,"deflator","2003-04-01"
0.709043895593383,2003,5,"deflator","2003-05-01"
0.709819230635038,2003,6,"deflator","2003-06-01"
0.712145235760003,2003,7,"deflator","2003-07-01"
0.715246575926622,2003,8,"deflator","2003-08-01"
0.717572581051587,2003,9,"deflator","2003-09-01"
0.716797246009932,2003,10,"deflator","2003-10-01"
0.71718491353076,2003,11,"deflator","2003-11-01"
0.719123251134897,2003,12,"deflator","2003-12-01"
0.722224591301516,2004,1,"deflator","2004-01-01"
0.723775261384826,2004,2,"deflator","2004-02-01"
0.725325931468136,2004,3,"deflator","2004-03-01"
0.726488934030618,2004,4,"deflator","2004-04-01"
0.729590274197238,2004,5,"deflator","2004-05-01"
0.73230394684303,2004,6,"deflator","2004-06-01"
0.733079281884685,2004,7,"deflator","2004-07-01"
0.733466949405512,2004,8,"deflator","2004-08-01"
0.735792954530477,2004,9,"deflator","2004-09-01"
0.739669629738751,2004,10,"deflator","2004-10-01"
0.743158637426198,2004,11,"deflator","2004-11-01"
0.743158637426198,2004,12,"deflator","2004-12-01"
0.74277096990537,2005,1,"deflator","2005-01-01"
0.74587231007199,2005,2,"deflator","2005-02-01"
0.748585982717782,2005,3,"deflator","2005-03-01"
0.750911987842747,2005,4,"deflator","2005-04-01"
0.750524320321919,2005,5,"deflator","2005-05-01"
0.750911987842747,2005,6,"deflator","2005-06-01"
0.755563998092676,2005,7,"deflator","2005-07-01"
0.760216008342605,2005,8,"deflator","2005-08-01"
0.770683031404946,2005,9,"deflator","2005-09-01"
0.771846033967428,2005,10,"deflator","2005-10-01"
0.767969358759154,2005,11,"deflator","2005-11-01"
0.767969358759154,2005,12,"deflator","2005-12-01"
0.772621369009083,2006,1,"deflator","2006-01-01"
0.773009036529911,2006,2,"deflator","2006-02-01"
0.774172039092393,2006,3,"deflator","2006-03-01"
0.778048714300667,2006,4,"deflator","2006-04-01"
0.780374719425632,2006,5,"deflator","2006-05-01"
0.782313057029769,2006,6,"deflator","2006-06-01"
0.786577399758871,2006,7,"deflator","2006-07-01"
0.790066407446318,2006,8,"deflator","2006-08-01"
0.786189732238043,2006,9,"deflator","2006-09-01"
0.782700724550596,2006,10,"deflator","2006-10-01"
0.783088392071424,2006,11,"deflator","2006-11-01"
0.787352734800526,2006,12,"deflator","2006-12-01"
0.788659174345714,2007,1,"deflator","2007-01-01"
0.791717871085043,2007,2,"deflator","2007-02-01"
0.79583490015623,2007,3,"deflator","2007-03-01"
0.798222932084527,2007,4,"deflator","2007-04-01"
0.801521982686769,2007,5,"deflator","2007-05-01"
0.803378910111532,2007,6,"deflator","2007-06-01"
0.804809403263385,2007,7,"deflator","2007-07-01"
0.805057510476715,2007,8,"deflator","2007-08-01"
0.808468984659996,2007,9,"deflator","2007-09-01"
0.810961686818917,2007,10,"deflator","2007-10-01"
0.81733494086132,2007,11,"deflator","2007-11-01"
0.819703589413575,2007,12,"deflator","2007-12-01"
0.822529685640408,2008,1,"deflator","2008-01-01"
0.824518420022252,2008,2,"deflator","2008-02-01"
0.827468569855749,2008,3,"deflator","2008-03-01"
0.829383647408637,2008,4,"deflator","2008-04-01"
0.834291518222312,2008,5,"deflator","2008-05-01"
0.843033420816971,2008,6,"deflator","2008-06-01"
0.849053897415421,2008,7,"deflator","2008-07-01"
0.847790101297523,2008,8,"deflator","2008-08-01"
0.848515039561471,2008,9,"deflator","2008-09-01"
0.841219136819498,2008,10,"deflator","2008-10-01"
0.826324950669308,2008,11,"deflator","2008-11-01"
0.819521385678787,2008,12,"deflator","2008-12-01"
0.821595406915213,2009,1,"deflator","2009-01-01"
0.824588200176001,2009,2,"deflator","2009-02-01"
0.823774098382264,2009,3,"deflator","2009-03-01"
0.824603706876834,2009,4,"deflator","2009-04-01"
0.825817106217024,2009,5,"deflator","2009-05-01"
0.832671067985253,2009,6,"deflator","2009-06-01"
0.832422960771924,2009,7,"deflator","2009-07-01"
0.835210290246673,2009,8,"deflator","2009-08-01"
0.836822987133315,2009,9,"deflator","2009-09-01"
0.839335072668277,2009,10,"deflator","2009-10-01"
0.842145662194276,2009,11,"deflator","2009-11-01"
0.842583726492811,2009,12,"deflator","2009-12-01"
0.843130337697177,2010,1,"deflator","2010-01-01"
0.842327865929065,2010,2,"deflator","2010-02-01"
0.842606986544061,2010,3,"deflator","2010-03-01"
0.842800820304474,2010,4,"deflator","2010-04-01"
0.842362756005939,2010,5,"deflator","2010-05-01"
0.842009978561986,2010,6,"deflator","2010-06-01"
0.843583908696546,2010,7,"deflator","2010-07-01"
0.844816691412777,2010,8,"deflator","2010-08-01"
0.846181281086089,2010,9,"deflator","2010-09-01"
0.849127554244378,2010,10,"deflator","2010-10-01"
0.85127910898497,2010,11,"deflator","2010-11-01"
0.854698336518668,2010,12,"deflator","2010-12-01"
0.857470159292584,2011,1,"deflator","2011-01-01"
0.860226475365667,2011,2,"deflator","2011-02-01"
0.864676898504766,2011,3,"deflator","2011-03-01"
0.86873577744783,2011,4,"deflator","2011-04-01"
0.871499846871329,2011,5,"deflator","2011-05-01"
0.871499846871329,2011,6,"deflator","2011-06-01"
0.873783208569003,2011,7,"deflator","2011-07-01"
0.876539524642086,2011,8,"deflator","2011-08-01"
0.878442972169349,2011,9,"deflator","2011-09-01"
0.879036103476215,2011,10,"deflator","2011-10-01"
0.880660430388482,2011,11,"deflator","2011-11-01"
0.880869770849729,2011,12,"deflator","2011-12-01"
0.88326943280365,2012,1,"deflator","2012-01-01"
0.88515737363008,2012,2,"deflator","2012-02-01"
0.887010424379635,2012,3,"deflator","2012-03-01"
0.888483560958779,2012,4,"deflator","2012-04-01"
0.886646016910057,2012,5,"deflator","2012-05-01"
0.885913325295693,2012,6,"deflator","2012-06-01"
0.88616918585944,2012,7,"deflator","2012-07-01"
0.891317410536028,2012,8,"deflator","2012-08-01"
0.895570123239505,2012,9,"deflator","2012-09-01"
0.89798529189426,2012,10,"deflator","2012-10-01"
0.896477265238241,2012,11,"deflator","2012-11-01"
0.896368718332409,2012,12,"deflator","2012-12-01"
0.898144235577799,2013,1,"deflator","2013-01-01"
0.903021092989808,2013,2,"deflator","2013-02-01"
0.900481870728389,2013,3,"deflator","2013-03-01"
0.898601683252376,2013,4,"deflator","2013-04-01"
0.89897384407237,2013,5,"deflator","2013-05-01"
0.901113768787337,2013,6,"deflator","2013-06-01"
0.902877656007102,2013,7,"deflator","2013-07-01"
0.905033087422903,2013,8,"deflator","2013-08-01"
0.905374234841231,2013,9,"deflator","2013-09-01"
0.905858819242265,2013,10,"deflator","2013-10-01"
0.907529666257031,2013,11,"deflator","2013-11-01"
0.909929328210953,2013,12,"deflator","2013-12-01"
0.912135156404461,2014,1,"deflator","2014-01-01"
0.913139215283404,2014,2,"deflator","2014-02-01"
0.915003896058584,2014,3,"deflator","2014-03-01"
0.916709633150225,2014,4,"deflator","2014-04-01"
0.918454136993949,2014,5,"deflator","2014-05-01"
0.919667536334138,2014,6,"deflator","2014-06-01"
0.920702608614748,2014,7,"deflator","2014-07-01"
0.920555294956833,2014,8,"deflator","2014-08-01"
0.920621198435374,2014,9,"deflator","2014-09-01"
0.920438994700585,2014,10,"deflator","2014-10-01"
0.918706120882486,2014,11,"deflator","2014-11-01"
0.915872271305238,2014,12,"deflator","2014-12-01"
0.910037875116785,2015,1,"deflator","2015-01-01"
0.912344496865708,2015,2,"deflator","2015-02-01"
0.914802308947754,2015,3,"deflator","2015-03-01"
0.91575597104899,2015,4,"deflator","2015-04-01"
0.918775901036235,2015,5,"deflator","2015-05-01"
0.921318999972863,2015,6,"deflator","2015-06-01"
0.922780506526383,2015,7,"deflator","2015-07-01"
0.922776629851174,2015,8,"deflator","2015-08-01"
0.920702608614748,2015,9,"deflator","2015-09-01"
0.921613627288692,2015,10,"deflator","2015-10-01"
0.922714603047842,2015,11,"deflator","2015-11-01"
0.921722174194524,2015,12,"deflator","2015-12-01"
0.92197803475827,2016,1,"deflator","2016-01-01"
0.92076463541808,2016,2,"deflator","2016-02-01"
0.922609932817219,2016,3,"deflator","2016-03-01"
0.925885723368211,2016,4,"deflator","2016-04-01"
0.928231111869217,2016,5,"deflator","2016-05-01"
0.930960291215842,2016,6,"deflator","2016-06-01"
0.930832360933969,2016,7,"deflator","2016-07-01"
0.932708671734773,2016,8,"deflator","2016-08-01"
0.934542339108287,2016,9,"deflator","2016-09-01"
0.936763674002628,2016,10,"deflator","2016-10-01"
0.938128263675941,2016,11,"deflator","2016-11-01"
0.94091559315069,2016,12,"deflator","2016-12-01"
0.944811651735006,2017,1,"deflator","2017-01-01"
0.946017297724779,2017,2,"deflator","2017-02-01"
0.944827158435839,2017,3,"deflator","2017-03-01"
0.946133597981028,2017,4,"deflator","2017-04-01"
0.945621876853535,2017,5,"deflator","2017-05-01"
0.946602675681229,2017,6,"deflator","2017-06-01"
0.947180300287262,2017,7,"deflator","2017-07-01"
0.950963935290538,2017,8,"deflator","2017-08-01"
0.955387221703179,2017,9,"deflator","2017-09-01"
0.955871806104213,2017,10,"deflator","2017-10-01"
0.958829709288126,2017,11,"deflator","2017-11-01"
0.960822320345179,2017,12,"deflator","2017-12-01"
0.964578818621997,2018,1,"deflator","2018-01-01"
0.96713354758425,2018,2,"deflator","2018-02-01"
0.966893193721337,2018,3,"deflator","2018-03-01"
0.969002105034638,2018,4,"deflator","2018-04-01"
0.97164987420189,2018,5,"deflator","2018-05-01"
0.973727772113525,2018,6,"deflator","2018-06-01"
0.974914034727257,2018,7,"deflator","2018-07-01"
0.976553868340357,2018,8,"deflator","2018-08-01"
0.977933964714502,2018,9,"deflator","2018-09-01"
0.979934329121972,2018,10,"deflator","2018-10-01"
0.97948851147302,2018,11,"deflator","2018-11-01"
0.979453621396146,2018,12,"deflator","2018-12-01"
0.979054323849694,2019,1,"deflator","2019-01-01"
0.981500505906115,2019,2,"deflator","2019-02-01"
0.985043787046478,2019,3,"deflator","2019-03-01"
0.988331207623094,2019,4,"deflator","2019-04-01"
0.989199582869748,2019,5,"deflator","2019-05-01"
0.990110601543692,2019,6,"deflator","2019-06-01"
0.99276612406136,2019,7,"deflator","2019-07-01"
0.993568595829473,2019,8,"deflator","2019-08-01"
0.994727721716747,2019,9,"deflator","2019-09-01"
0.997193287149209,2019,10,"deflator","2019-10-01"
0.999499908898133,2019,11,"deflator","2019-11-01"
1.00190344752726,2019,12,"deflator","2019-12-01"
1.00336107740557,2020,1,"deflator","2020-01-01"
1.00425271270348,2020,2,"deflator","2020-02-01"
1,2020,3,"deflator","2020-03-01"
